experiment,run,r2,rmse,mae,median_ae,areaUnderROC,areaUnderPR,recall_at_10pct,precision_at_10pct,precision_late,recall_late,f1
kg-v2,baseline_classification__none,,,,,0.5,0.12968044613614235,,,0.0,0.0,0.8099750914467744
kg-v2,baseline_regression__none,-0.005176657165379073,40.778620002863455,22.47755000229317,,,,,,,,
kg-v2,gbt_classifier__nopca,,,,,0.8238860987456159,0.6316938884076077,0.49897610921501706,0.6469026548672566,0.4601412714429869,0.6225255972696245,0.8651678689062151
kg-v2,gbt_regressor__nopca,0.3498663510510498,32.79537864936579,16.781945161982325,9.967702688525007,,,,,,,
kg-v2,glm_poisson_log__nopca,0.23166329705401922,35.65226428143963,19.42940746849466,12.290079726965075,,,,,,,
kg-v2,linear_regression__nopca,0.3146114569295263,33.67284006649089,17.71486229275023,11.075372325120847,,,,,,,
kg-v2,linear_svc__nopca,,,,,0.7968778204206091,0.5610488049081485,0.4614334470989761,0.5982300884955752,0.40353260869565216,0.6081911262798635,0.8462542194675942
kg-v2,random_forest_classifier__nopca,,,,,0.8215222217902404,0.6174437224416194,0.49965870307167237,0.647787610619469,0.5712250712250713,0.5474402730375426,0.8870061038108148
kg-v2,random_forest_regressor__nopca,0.366539806261599,32.372108847733884,16.623875913970902,9.989025520152381,,,,,,,
kg-v2,rule_prev_arr_delay_classification__none,,,,,0.7571296067448495,0.503482929730323,,,0.7907348242811502,0.3378839590443686,0.8849820676168729
kg-v2,rule_prev_arr_delay_regression__none,0.240657769759143,35.44296975302228,18.81060111962601,,,,,,,,
kg-v2_hourcyc,baseline_classification__none,,,,,0.5,0.12968044613614235,,,0.0,0.0,0.8099750914467744
kg-v2_hourcyc,baseline_regression__none,-0.005176657165379073,40.778620002863455,22.477550002293174,,,,,,,,
kg-v2_hourcyc,gbt_classifier__nopca,,,,,0.8258254025998548,0.632493486785968,0.5037542662116041,0.6530973451327433,0.4489299610894942,0.6300341296928328,0.8618769106020892
kg-v2_hourcyc,gbt_regressor__nopca,0.361296563336295,32.505807104120386,16.646390510932342,9.937526734768284,,,,,,,
kg-v2_hourcyc,glm_poisson_log__nopca,0.2313347096945122,35.65988700146909,19.436757025551273,12.24930351864117,,,,,,,
kg-v2_hourcyc,linear_regression__nopca,0.3126987436749977,33.7197927154452,17.736674075666695,11.053849495461535,,,,,,,
kg-v2_hourcyc,linear_svc__nopca,,,,,0.7972208182795196,0.5660084597122703,0.4750853242320819,0.6159292035398231,0.45990180032733224,0.5754266211604095,0.8639076075651747
kg-v2_hourcyc,random_forest_classifier__nopca,,,,,0.8196337028633954,0.6146928106425276,0.4962457337883959,0.643362831858407,0.5365535248041775,0.5610921501706485,0.8813676855892048
kg-v2_hourcyc,random_forest_regressor__nopca,0.3659872960686058,32.386223406087346,16.59983819788207,9.894545289686006,,,,,,,
kg-v2_hourcyc,rule_prev_arr_delay_classification__none,,,,,0.7571296067448495,0.503482929730323,,,0.7907348242811502,0.3378839590443686,0.8849820676168729
kg-v2_hourcyc,rule_prev_arr_delay_regression__none,0.240657769759143,35.44296975302228,18.810601119626007,,,,,,,,
kg-v2_nodow,baseline_classification__none,,,,,0.5,0.12968044613614235,,,0.0,0.0,0.8099750914467744
kg-v2_nodow,baseline_regression__none,-0.005176657165379073,40.778620002863455,22.477550002293174,,,,,,,,
kg-v2_nodow,gbt_classifier__nopca,,,,,0.8243567358239582,0.632715819373732,0.5044368600682594,0.6539823008849558,0.4586051179126944,0.6238907849829352,0.8647388170064245
kg-v2_nodow,gbt_regressor__nopca,0.35981777956950445,32.543415535375324,16.718457224532653,9.866093539511084,,,,,,,
kg-v2_nodow,glm_poisson_log__nopca,0.2318890004153712,35.64702736714459,19.441568930267366,12.27400593941411,,,,,,,
kg-v2_nodow,linear_regression__nopca,0.3146459868505602,33.671991835830276,17.72960929047285,11.106911561809769,,,,,,,
kg-v2_nodow,linear_svc__nopca,,,,,0.7970168107482156,0.5608017641146741,0.4614334470989761,0.5982300884955752,0.4029038112522686,0.6061433447098976,0.8460371508558168
kg-v2_nodow,random_forest_classifier__nopca,,,,,0.8197873073088642,0.6195376531115618,0.5044368600682594,0.6539823008849558,0.5604472396925227,0.5474402730375426,0.8850607048699614
kg-v2_nodow,random_forest_regressor__nopca,0.3663939141066489,32.37583644172404,16.594655786493536,10.000168871202872,,,,,,,
kg-v2_nodow,rule_prev_arr_delay_classification__none,,,,,0.7571296067448495,0.503482929730323,,,0.7907348242811502,0.3378839590443686,0.8849820676168729
kg-v2_nodow,rule_prev_arr_delay_regression__none,0.240657769759143,35.44296975302228,18.81060111962601,,,,,,,,
kg-v2_sched,baseline_classification__none,,,,,0.5,0.12968044613614235,,,0.0,0.0,0.8099750914467744
kg-v2_sched,baseline_regression__none,-0.005176657165379073,40.778620002863455,22.477550002293174,,,,,,,,
kg-v2_sched,gbt_classifier__nopca,,,,,0.6755042738484354,0.28080084754759416,0.24641638225255974,0.31946902654867254,0.20612542537676226,0.578839590443686,0.7111260618133228
kg-v2_sched,gbt_regressor__nopca,0.06616815613821025,39.30480690619339,21.4624088624688,13.1327304616223,,,,,,,
kg-v2_sched,glm_poisson_log__nopca,0.02248795647901558,40.21354741100275,21.981997170364348,13.564421869571646,,,,,,,
kg-v2_sched,linear_regression__nopca,0.02267166812410526,40.209768406877636,22.035269791507954,13.607559435190552,,,,,,,
kg-v2_sched,linear_svc__nopca,,,,,0.6456392652535291,0.2146569720976632,0.1924914675767918,0.24955752212389382,0.17868525896414342,0.6122866894197952,0.6527538920358684
kg-v2_sched,random_forest_classifier__nopca,,,,,0.6712815227563687,0.26615656583439584,0.221160409556314,0.2867256637168142,0.20966880341880342,0.5358361774744027,0.7272315472758156
kg-v2_sched,random_forest_regressor__nopca,0.06755963973924728,39.27551234761809,21.390847893913083,13.106803772553755,,,,,,,
