experiment,run,r2,r2_arrival,rmse,mae,median_ae,areaUnderROC,areaUnderPR,recall_at_10pct,precision_at_10pct,precision_late,recall_late,f1
kg-gain_nodist,baseline_regression__none,-0.0007487636387271124,0.8910405652320836,13.425910513108072,9.318594090407533,,,,,,,,
kg-gain_nodist,gbt_regressor__nopca,0.4444918554864178,0.93951743371124,10.002911637492364,6.889786779940653,4.984949516664433,,,,,,,
kg-gain_nodist,glm_gaussian_identity__nopca,0.4688151426528696,0.9421657024052906,9.78146848592208,6.74820242343741,4.840213170355689,,,,,,,
kg-gain_nodist,linear_regression__nopca,0.46881514265287494,0.9421657024052912,9.781468485922028,6.7482024234373785,4.840213170354872,,,,,,,
kg-gain_nodist,physics_reference__none,0.32955755668575515,0.9270036273616497,10.989095993900737,7.868340638249767,,,,,,,,
kg-gain_nodist,random_forest_regressor__nopca,0.41482350030188986,0.9362872051775109,10.266553046883752,7.1276879229282,5.2291922205495,,,,,,,
kg-gain_nolog,baseline_regression__none,-0.0007487636387271124,0.8910405652320836,13.425910513108072,9.318594090407533,,,,,,,,
kg-gain_nolog,gbt_regressor__nopca,0.4289317418082452,0.9378232810398606,10.142037867364646,7.038440927532365,5.140752406274364,,,,,,,
kg-gain_nolog,glm_gaussian_identity__nopca,0.46905032465433516,0.9421913085303025,9.779302874470078,6.72427282916822,4.853990866765511,,,,,,,
kg-gain_nolog,linear_regression__nopca,0.46905032465433405,0.9421913085303024,9.77930287447009,6.7242728291682425,4.8539908667649545,,,,,,,
kg-gain_nolog,physics_reference__none,0.32955755668575515,0.9270036273616497,10.989095993900737,7.868340638249765,,,,,,,,
kg-gain_nolog,random_forest_regressor__nopca,0.40539379899199657,0.9352605189980342,10.348941549916626,7.202868142735467,5.33268554713887,,,,,,,
kg-gain_plus,baseline_regression__none,-0.0007487636387271124,0.8910405652320836,13.425910513108072,9.318594090407533,,,,,,,,
kg-gain_plus,gbt_regressor__nopca,0.4444918554864178,0.93951743371124,10.002911637492364,6.889786779940653,4.984949516664433,,,,,,,
kg-gain_plus,glm_gaussian_identity__nopca,0.47446814803536175,0.9427811898219093,9.729280818697635,6.690081362458007,4.819054520351052,,,,,,,
kg-gain_plus,linear_regression__nopca,0.47446814803535964,0.9427811898219091,9.729280818697656,6.690081362458004,4.819054520351866,,,,,,,
kg-gain_plus,physics_reference__none,0.32955755668575515,0.9270036273616497,10.989095993900737,7.868340638249765,,,,,,,,
kg-gain_plus,random_forest_regressor__nopca,0.4161272259952058,0.9364291521074473,10.255110146872768,7.123563312614984,5.231092391009229,,,,,,,
