experiment,run,r2,rmse,areaUnderROC,areaUnderPR,f1
kg-v2,baseline_classification__none,,,0.5,0.11200566221357162,0.8353138864444594
kg-v2,baseline_regression__none,-9.881448072768251e-05,42.01505676330101,,,
kg-v2,gbt_classifier__nopca,,,0.8316150857939364,0.6335811201309471,0.8785501775149636
kg-v2,gbt_regressor__nopca,0.280145605781989,35.64559171892765,,,
kg-v2,glm_poisson_log__nopca,0.16618038096992926,38.363617576601676,,,
kg-v2,linear_regression__nopca,0.24547234866615963,36.49396728840411,,,
kg-v2,linear_svc__nopca,,,0.8017019885822141,0.5531207330001325,0.8638017886402806
kg-v2,random_forest_classifier__nopca,,,0.8285438270185458,0.6182839507488223,0.8984771853935416
kg-v2,random_forest_regressor__nopca,0.2824159882941031,35.58933517517826,,,
kg-v2,rule_prev_arr_delay_classification__none,,,0.7564699789294618,0.4959352216501176,0.9006728272708315
kg-v2,rule_prev_arr_delay_regression__none,0.18320329959898918,37.96999025910032,,,
kg-v2_depmin,baseline_classification__none,,,0.5,0.11200566221357162,0.8353138864444594
kg-v2_depmin,baseline_regression__none,-9.881448072768251e-05,42.01505676330101,,,
kg-v2_depmin,gbt_classifier__nopca,,,0.8293930151960653,0.6324706011554688,0.876284165080765
kg-v2_depmin,gbt_regressor__nopca,0.27712807977335663,35.72022418350897,,,
kg-v2_depmin,glm_poisson_log__nopca,0.16703167688416143,38.34402872894517,,,
kg-v2_depmin,linear_regression__nopca,0.24561426729016866,36.49053506350631,,,
kg-v2_depmin,linear_svc__nopca,,,0.8018910599502227,0.5531641881724934,0.8642664186127114
kg-v2_depmin,random_forest_classifier__nopca,,,0.8273740241674529,0.6199136155401603,0.8963510771841896
kg-v2_depmin,random_forest_regressor__nopca,0.280307259321111,35.641589131990564,,,
kg-v2_depmin,rule_prev_arr_delay_classification__none,,,0.7564699789294618,0.4959352216501176,0.9006728272708315
kg-v2_depmin,rule_prev_arr_delay_regression__none,0.18320329959898918,37.969990259100314,,,
kg-v2_noarr,baseline_classification__none,,,0.5,0.11200566221357162,0.8353138864444594
kg-v2_noarr,baseline_regression__none,-9.881448072768251e-05,42.01505676330101,,,
kg-v2_noarr,gbt_classifier__nopca,,,0.8275438539331799,0.6281798362435035,0.8847812522789156
kg-v2_noarr,gbt_regressor__nopca,0.26428124981597145,36.036235017536555,,,
kg-v2_noarr,glm_poisson_log__nopca,0.16552818552489879,38.37861823462361,,,
kg-v2_noarr,linear_regression__nopca,0.24546408169350986,36.49416721070155,,,
kg-v2_noarr,linear_svc__nopca,,,0.8012097340944351,0.5523284099355616,0.8642000276198689
kg-v2_noarr,random_forest_classifier__nopca,,,0.8264077337232966,0.6185730295026615,0.9014252947777394
kg-v2_noarr,random_forest_regressor__nopca,0.28086977770827715,35.6276575141885,,,
kg-v2_noarr,rule_prev_arr_delay_classification__none,,,0.7564699789294618,0.4959352216501176,0.9006728272708315
kg-v2_noarr,rule_prev_arr_delay_regression__none,0.1832032995989893,37.969990259100314,,,
kg-v2_nodephour,baseline_classification__none,,,0.5,0.11200566221357162,0.8353138864444594
kg-v2_nodephour,baseline_regression__none,-9.881448072768251e-05,42.01505676330101,,,
kg-v2_nodephour,gbt_classifier__nopca,,,0.8320613020922121,0.6330545226129687,0.876047675826615
kg-v2_nodephour,gbt_regressor__nopca,0.2626401337209533,36.076404377326256,,,
kg-v2_nodephour,glm_poisson_log__nopca,0.16355271499854407,38.424018816526605,,,
kg-v2_nodephour,linear_regression__nopca,0.24119890463092342,36.59716743479826,,,
kg-v2_nodephour,linear_svc__nopca,,,0.7951250987460139,0.550835511253876,0.8893871139132007
kg-v2_nodephour,random_forest_classifier__nopca,,,0.830704749457025,0.6262455196751319,0.8998835065057552
kg-v2_nodephour,random_forest_regressor__nopca,0.28370808029395733,35.55727940655643,,,
kg-v2_nodephour,rule_prev_arr_delay_classification__none,,,0.7564699789294618,0.4959352216501176,0.9006728272708315
kg-v2_nodephour,rule_prev_arr_delay_regression__none,0.18320329959898918,37.96999025910032,,,
kg-v2_notime,baseline_classification__none,,,0.5,0.11200566221357162,0.8353138864444594
kg-v2_notime,baseline_regression__none,-9.881448072768251e-05,42.01505676330101,,,
kg-v2_notime,gbt_classifier__nopca,,,0.824001510367407,0.6235626447928158,0.8869008434757626
kg-v2_notime,gbt_regressor__nopca,0.26185965381262255,36.09549238518742,,,
kg-v2_notime,glm_poisson_log__nopca,0.16122938675739928,38.47734537103056,,,
kg-v2_notime,linear_regression__nopca,0.23896571294952962,36.65098156730672,,,
kg-v2_notime,linear_svc__nopca,,,0.7827708489646759,0.5466601118972069,0.894972426116017
kg-v2_notime,random_forest_classifier__nopca,,,0.8155781743410362,0.6040476433253645,0.9003920558082367
kg-v2_notime,random_forest_regressor__nopca,0.2802315522966825,35.643463715093105,,,
kg-v2_notime,rule_prev_arr_delay_classification__none,,,0.7564699789294618,0.4959352216501176,0.9006728272708315
kg-v2_notime,rule_prev_arr_delay_regression__none,0.18320329959898918,37.96999025910032,,,
