dot_code,iata_code,source,median_err_mi
10135,ABE,vote,1.569
10136,ABI,vote,0.553
10140,ABQ,vote,0.949
10141,ABR,geometric,0.462
10146,ABY,vote,1.064
10154,ACK,vote,0.232
10155,ACT,vote,0.477
10157,ACV,vote,0.093
10158,ACY,vote,1.687
10165,ADK,vote,3.15
10170,ADQ,vote,0.72
10185,AEX,vote,0.57
10208,AGS,vote,0.09
10257,ALB,vote,1.488
10268,ALO,vote,0.721
10279,AMA,vote,0.39
10299,ANC,vote,2.471
10333,APN,geometric,0.304
10372,ASE,vote,0.616
10397,ATL,vote,0.718
10408,ATW,vote,0.475
10423,AUS,vote,1.371
10431,AVL,vote,0.386
10434,AVP,vote,1.048
10469,AZO,vote,0.2
10529,BDL,vote,1.777
10551,BET,vote,1.659
10561,BFL,vote,0.347
10577,BGM,geometric,0.987
10581,BGR,vote,0.421
10599,BHM,vote,0.765
10620,BIL,vote,0.414
10627,BIS,vote,1.177
10631,BJI,vote,0.321
10666,BLI,vote,0.44
10685,BMI,vote,0.224
10693,BNA,vote,0.848
10713,BOI,vote,0.831
10721,BOS,vote,1.727
10728,BPT,vote,0.227
10731,BQK,vote,0.453
10732,BQN,vote,2.347
10739,BRD,vote,0.129
10747,BRO,vote,1.185
10754,BRW,vote,1.327
10779,BTM,vote,0.084
10781,BTR,vote,0.144
10785,BTV,vote,0.648
10792,BUF,vote,0.811
10800,BUR,vote,0.697
10821,BWI,vote,1.19
10849,BZN,vote,1.721
10868,CAE,vote,0.974
10874,CAK,vote,1.357
10918,CDC,geometric,0.585
10926,CDV,vote,0.778
10980,CHA,vote,0.648
10990,CHO,vote,0.554
10994,CHS,vote,0.664
11003,CID,vote,0.373
11013,CIU,vote,0.528
11042,CLE,vote,1.172
11049,CLL,vote,0.206
11057,CLT,vote,0.733
11066,CMH,vote,1.273
11067,CMI,vote,0.465
11076,CMX,vote,0.337
11097,COD,geometric,0.302
11109,COS,vote,1.032
11111,COU,vote,0.468
11122,CPR,vote,0.577
11140,CRP,vote,0.137
11146,CRW,vote,0.257
11150,CSG,vote,0.131
11193,CVG,vote,1.217
11203,CWA,vote,0.394
11252,DAB,vote,0.609
11259,DAL,vote,1.354
11267,DAY,vote,0.811
11274,DBQ,vote,0.48
11278,DCA,vote,1.324
11292,DEN,vote,1.399
11298,DFW,vote,0.995
11308,DHN,vote,0.959
11315,DIK,vote,1.337
11337,DLH,vote,0.118
11413,DRO,vote,0.683
11423,DSM,vote,1.311
11433,DTW,vote,0.839
11447,DVL,vote,0.453
11471,EAU,vote,0.655
11503,EGE,vote,0.542
11525,EKO,vote,0.538
11537,ELM,vote,1.431
11540,ELP,vote,0.869
11577,ERI,vote,1.447
11587,ESC,vote,0.272
11603,EUG,vote,0.991
11612,EVV,vote,0.275
11617,EWN,vote,0.463
11618,EWR,vote,1.403
11624,EYW,vote,1.194
11630,FAI,vote,1.327
11637,FAR,vote,0.705
11638,FAT,vote,0.784
11641,FAY,vote,1.03
11648,FCA,vote,0.415
11695,FLG,vote,0.314
11697,FLL,vote,2.047
11721,FNT,vote,1.007
11775,FSD,vote,0.306
11778,FSM,vote,0.824
11823,FWA,vote,0.633
11865,GCC,vote,0.488
11867,GCK,vote,0.841
11884,GEG,vote,0.956
11898,GFK,geometric,0.309
11905,GGG,vote,0.17
11921,GJT,vote,0.023
11953,GNV,vote,1.07
11973,GPT,vote,0.471
11977,GRB,vote,0.557
11980,GRI,vote,1.073
11982,GRK,vote,0.73
11986,GRR,vote,0.87
11995,GSO,vote,0.198
11996,GSP,vote,0.812
12003,GTF,vote,0.459
12007,GTR,vote,0.845
12094,HDN,vote,0.368
12129,HIB,vote,0.259
12156,HLN,vote,0.388
12173,HNL,vote,3.247
12177,HOB,vote,0.073
12191,HOU,vote,1.135
12197,HPN,vote,1.546
12206,HRL,vote,0.111
12217,HSV,vote,0.613
12255,HYS,vote,1.531
12264,IAD,vote,1.63
12265,IAG,vote,2.165
12266,IAH,vote,1.002
12278,ICT,vote,1.228
12280,IDA,vote,0.367
12323,ILM,vote,0.553
12335,IMT,vote,0.717
12339,IND,vote,1.398
12343,INL,vote,0.309
12389,ISN,vote,1.162
12391,ISP,vote,1.698
12402,ITO,vote,0.284
12441,JAC,vote,0.438
12448,JAN,vote,0.934
12451,JAX,vote,0.889
12478,JFK,vote,1.723
12511,JLN,vote,0.229
12519,JMS,vote,0.369
12523,JNU,vote,0.734
12758,KOA,vote,1.472
12819,KTN,vote,0.403
12884,LAN,vote,0.937
12888,LAR,vote,0.51
12889,LAS,vote,2.464
12891,LAW,vote,0.085
12892,LAX,vote,2.646
12896,LBB,vote,0.443
12898,LBE,vote,1.719
12915,LCH,vote,0.055
12945,LEX,vote,0.495
12951,LFT,vote,0.287
12953,LGA,vote,1.263
12954,LGB,vote,0.693
12982,LIH,vote,2.46
12992,LIT,vote,1.079
13029,LNK,vote,0.801
13061,LRD,vote,0.58
13076,LSE,vote,0.304
13127,LWS,vote,0.202
13158,MAF,vote,0.698
13184,MBS,vote,0.478
13198,MCI,vote,1.687
13204,MCO,vote,1.642
13230,MDT,vote,0.97
13232,MDW,vote,1.267
13241,MEI,vote,0.665
13244,MEM,vote,0.891
13256,MFE,vote,0.803
13264,MFR,vote,1.743
13277,MGM,vote,0.753
13290,MHK,vote,1.035
13296,MHT,vote,1.264
13303,MIA,vote,2.157
13342,MKE,vote,1.525
13344,MKG,vote,0.09
13360,MLB,vote,1.388
13367,MLI,vote,0.292
13377,MLU,vote,0.614
13422,MOB,vote,0.887
13433,MOT,vote,0.477
13459,MQT,vote,0.267
13476,MRY,vote,0.295
13485,MSN,vote,0.826
13486,MSO,vote,0.457
13487,MSP,vote,1.156
13495,MSY,vote,1.042
13502,MTJ,vote,0.348
13541,MVY,vote,0.019
13577,MYR,vote,0.556
13795,OAJ,vote,1.241
13796,OAK,vote,2.122
13830,OGG,vote,1.525
13851,OKC,vote,1.316
13871,OMA,vote,1.405
13873,OME,vote,1.011
13891,ONT,vote,0.845
13930,ORD,vote,0.993
13931,ORF,vote,0.955
13933,ORH,vote,1.937
13964,OTH,vote,1.315
13970,OTZ,vote,0.731
14006,PAH,vote,0.992
14027,PBI,vote,1.819
14057,PDX,vote,1.336
14098,PHF,vote,0.391
14100,PHL,vote,1.718
14107,PHX,vote,1.986
14108,PIA,vote,0.512
14109,PIB,vote,0.0
14113,PIH,vote,0.088
14122,PIT,vote,1.06
14150,PLN,vote,0.004
14193,PNS,vote,1.03
14252,PSC,vote,0.66
14254,PSE,vote,2.53
14256,PSG,vote,0.096
14262,PSP,vote,1.033
14307,PVD,vote,1.107
14321,PWM,vote,0.801
14457,RAP,vote,0.757
14487,RDD,vote,0.726
14489,RDM,vote,0.86
14492,RDU,vote,0.725
14520,RHI,vote,0.449
14524,RIC,vote,0.86
14543,RKS,vote,0.393
14570,RNO,vote,1.154
14574,ROA,vote,0.523
14576,ROC,vote,0.53
14588,ROW,vote,0.461
14633,RST,vote,0.121
14635,RSW,vote,1.979
14674,SAF,vote,1.267
14679,SAN,vote,2.512
14683,SAT,vote,1.37
14685,SAV,vote,0.763
14689,SBA,vote,0.821
14696,SBN,vote,0.891
14698,SBP,vote,0.677
14709,SCC,vote,1.421
14711,SCE,vote,1.35
14730,SDF,vote,1.014
14747,SEA,vote,1.525
14771,SFO,vote,1.854
14783,SGF,vote,0.658
14794,SGU,vote,2.099
14814,SHV,vote,0.601
14828,SIT,vote,0.307
14831,SJC,vote,1.758
14842,SJT,vote,0.409
14843,SJU,vote,1.518
14869,SLC,vote,0.757
14893,SMF,vote,1.641
14905,SMX,vote,0.14
14908,SNA,vote,1.347
14952,SPI,vote,0.327
14960,SPS,vote,0.151
14986,SRQ,vote,1.634
15016,STL,vote,1.147
15024,STT,vote,2.335
15027,STX,vote,0.111
15041,SUN,vote,0.099
15048,SUX,vote,1.096
15070,SWF,vote,2.013
15096,SYR,vote,0.849
15249,TLH,vote,1.178
15295,TOL,vote,0.221
15304,TPA,vote,1.487
15323,TRI,geometric,0.28
15356,TTN,vote,1.631
15370,TUL,vote,0.953
15376,TUS,vote,0.888
15380,TVC,vote,0.453
15389,TWF,vote,0.402
15401,TXK,vote,0.676
15411,TYR,vote,0.639
15412,TYS,vote,0.514
15607,VLD,vote,0.594
15624,VPS,vote,0.807
15841,WRG,vote,0.03
15919,XNA,vote,1.25
15991,YAK,vote,0.992
16218,YUM,vote,0.239
